{"assets/Animation.json":["assets/Animation.json"],"assets/PoppinsBold.ttf":["assets/PoppinsBold.ttf"],"assets/PoppinsSemiBold.ttf":["assets/PoppinsSemiBold.ttf"],"assets/air-conditioner.png":["assets/air-conditioner.png"],"assets/background.jpg":["assets/background.jpg"],"assets/fan.png":["assets/fan.png"],"assets/light-bulb.png":["assets/light-bulb.png"],"assets/menu (2).png":["assets/menu (2).png"],"assets/menu.png":["assets/menu.png"],"assets/profile_vector.png":["assets/profile_vector.png"],"assets/smart-tv.png":["assets/smart-tv.png"],"packages/cupertino_icons/assets/CupertinoIcons.ttf":["packages/cupertino_icons/assets/CupertinoIcons.ttf"],"packages/flutter_emoji_feedback/assets/classic_awesome.svg":["packages/flutter_emoji_feedback/assets/classic_awesome.svg"],"packages/flutter_emoji_feedback/assets/classic_bad.svg":["packages/flutter_emoji_feedback/assets/classic_bad.svg"],"packages/flutter_emoji_feedback/assets/classic_good.svg":["packages/flutter_emoji_feedback/assets/classic_good.svg"],"packages/flutter_emoji_feedback/assets/classic_terrible.svg":["packages/flutter_emoji_feedback/assets/classic_terrible.svg"],"packages/flutter_emoji_feedback/assets/classic_very_good.svg":["packages/flutter_emoji_feedback/assets/classic_very_good.svg"],"packages/youtube_player_iframe/assets/player.html":["packages/youtube_player_iframe/assets/player.html"]}